,cDAQ1Mod1/ai2,cDAQ1Mod1/ai3,cDAQ1Mod1/ai4
0,6.152783877999999,4.79422067,7.978579324
1,6.139665397999999,4.859181302,7.722674584
2,6.102277729999999,4.8841156859999995,7.961519007999999
3,6.143600942,4.9070815660000004,7.951676518
4,6.129170613999999,4.97138603,7.977923157999999
5,6.076040769999999,4.937921461999999,8.020573948
6,6.129170613999999,4.9366091260000005,8.160337306
7,5.952727058,4.946451646,8.125560508
8,6.013072065999999,4.898551381999999,8.067161733999999
9,6.070137453999999,4.975979206,8.036978097999999
10,6.067513758,4.888708862,8.043539757999998
11,6.0589867459999995,4.923485766,8.111781021999999
12,6.121955449999999,4.804719358,8.002857466
13,6.121299525999999,4.877554006,7.994983474
14,6.051771582,4.945795478,8.059287742
15,6.051115658,4.875585502,8.01532462
16,5.949447437999999,4.9372652939999995,8.066505568
17,6.2282151379999995,4.916924086,8.05797541
18,6.011760218,4.888052694000001,8.03829043
19,6.074072997999999,4.9070815660000004,8.042883592
20,6.142289093999999,4.882147182,7.94970802
21,6.100965881999999,4.900519886,7.935272367999999
22,6.072761149999999,4.724666861999999,8.05797541
23,5.954694829999999,4.844089438,8.061912405999998
24,6.018975382,4.94513931,7.878185926
25,5.977652169999999,4.8828033500000005,8.042883592
26,6.027502393999999,4.9195487579999995,8.040915093999999
27,5.988146953999999,4.786346653999999,7.924773711999999
28,5.986835105999999,4.81718655,7.997608138
29,6.015039837999999,4.8959267099999995,7.922805213999999
30,6.150816106,4.931359782,7.97923549
31,6.1042455019999995,4.846057942,7.8985270719999985
32,6.136385777999999,4.8604936379999995,7.7528582199999985
33,6.107525121999999,4.851307286,7.926086043999999
34,6.161966813999999,4.92217343,7.95955051
35,6.004545053999999,4.977291542,8.004169798
36,6.133762081999999,4.796845341999999,7.9930149759999995
37,6.0832559339999985,4.847370278,7.939209364
38,6.134418005999999,4.808000198,8.004825964
39,6.113428437999999,4.930047446,8.062568571999998
40,6.074072997999999,4.901176054,7.94970802
41,6.155407573999999,4.830966077999999,7.951676518
42,6.051115658,4.914955582,7.947083355999999
43,5.965845538,4.947763982,8.077004224
44,5.996673965999999,4.8828033500000005,8.033041102
45,6.017663533999999,4.92217343,8.206925092
46,6.039309026,4.8841156859999995,8.037634264
47,6.140321321999999,4.821779726,7.985140983999999
48,6.0832559339999985,5.012724614,8.059287742
49,6.1580312699999995,4.941202302,8.019917781999998
50,6.085879629999999,4.886740358,7.813225492
51,6.088503325999999,4.93529679,8.019917781999998
52,6.125890994,4.8959267099999995,7.9687368339999995
53,6.130482462,4.97466687,8.098001536
54,6.074072997999999,4.91561175,8.033041102
55,6.078008541999999,4.9490763179999995,8.073067228
56,6.001921357999999,4.864430646,7.9864533159999995
57,6.047180114,4.900519886,8.006138296
58,6.110804741999999,4.9136432459999995,8.12031118
59,6.043244569999999,4.926110438,7.952332683999998
60,6.144256865999999,4.890677365999999,7.970049166
61,6.086535553999999,5.00419443,7.970705331999999
62,6.036685329999999,4.945795478,7.976610826
63,5.98093179,4.918236422,8.007450627999999
64,5.959942222,4.798157678,8.082909718
65,6.041932721999999,4.852619622,8.05469458
66,6.101621805999999,4.815218045999999,7.990390311999999
67,6.110148818,4.861149805999999,7.944458691999999
68,6.135729853999999,4.8841156859999995,8.036978097999999
69,6.058330821999999,4.8841156859999995,7.9890779799999985
70,6.045868265999999,4.78765899,8.040258928
71,5.968469234,4.86967999,7.876873594
72,6.073417073999999,4.872304662,8.004825964
73,6.098342185999999,4.926110438,7.994983474
74,6.010448369999999,4.912987078,7.981203987999999
75,6.017663533999999,4.9136432459999995,7.977266992
76,5.974372549999999,4.920204926,8.212830585999999
77,6.131138385999999,4.951044822,8.000232802
78,6.031437938,4.888708862,8.048132919999999
79,5.994706193999999,4.880178678,7.958238177999999
80,6.073417073999999,4.954325662,8.085534381999999
81,6.123923221999999,4.848026446,7.840128298
82,5.9553507539999995,4.864430646,8.04157126
83,6.141633169999999,4.940546134,8.073723393999998
84,5.994050269999999,4.85655663,8.055350745999998
85,6.024222773999999,4.834246918,8.00548213
86,6.0957184899999985,4.775191798,7.995639639999999
87,6.086535553999999,4.766005446,7.8808105899999985
88,6.035373481999999,4.828341406,8.038946595999999
89,6.012416141999999,4.809968702,8.309286987999998
90,5.998641738,4.941202302,8.036321931999998
91,6.034717557999999,4.932672117999999,8.08750288
92,6.091127021999999,4.95826267,8.057319243999999
93,6.121955449999999,4.893302037999999,8.025167109999998
94,6.008480597999999,4.778472638,7.802070669999999
95,6.098998109999999,4.8900211979999995,8.000232802
96,6.0091365219999995,4.90576923,8.025823275999999
97,5.983555485999999,4.848682614,8.052069916
98,6.097030338,4.780441142,7.97923549
99,6.121955449999999,4.828341406,8.00548213
100,6.053739353999999,4.899863718,8.047476754
101,6.124579145999999,4.944483142,8.047476754
102,6.182300457999999,4.930047446,7.50023431
103,6.102277729999999,4.921517262,7.931991538
104,6.087191477999999,4.923485766,7.970049166
105,6.030782013999999,4.9136432459999995,7.938553197999999
106,6.119987677999999,4.8598374699999995,7.993671141999999
107,6.123267298,4.823092062,7.659026481999999
108,6.089159249999999,4.896582878,7.928710707999999
109,6.164590509999999,4.876897838,8.021230114
110,6.002577281999999,4.888708862,7.920836715999999
111,6.018975382,4.895270542,8.011387624
112,6.110804741999999,4.8598374699999995,8.067161733999999
113,6.157375345999999,4.901176054,7.964799837999999
114,6.146224638,4.896582878,8.016636951999999
115,6.121299525999999,4.939233798,8.244326553999999
116,6.043900493999999,4.933328285999999,8.069786398
117,6.0793203899999995,4.848026446,7.944458691999999
118,6.164590509999999,4.81390571,7.994983474
119,6.045868265999999,4.917580254000001,7.930679206
120,6.175085293999999,4.969417526,8.132122168
121,6.107525121999999,4.783721981999999,7.994327308
122,5.993394346,4.878210174,8.068474066
123,6.044556418,4.916267918,8.035009599999999
124,6.055051201999999,4.897895214,8.065849402
125,6.023566849999999,4.792252166,8.147213985999999
126,6.113428437999999,4.79750151,7.9333038700000005
127,6.119331753999999,4.877554006,8.047476754
128,6.068825605999999,4.76469311,7.935272367999999
129,6.039309026,4.83359075,8.008762959999999
130,6.1455687139999995,4.951044822,8.033697268
131,6.165902357999999,4.993695742,7.888684581999999
132,5.961909993999999,4.918236422,8.056663078
133,6.0340616339999995,4.95170099,8.34012679
134,6.161310889999999,4.820467389999999,7.918212051999999
135,6.127858765999999,4.908393901999999,8.036321931999998
136,6.173117521999999,4.825716733999999,7.962175173999999
137,6.154095725999999,4.950388654,8.048132919999999
138,6.137697626,4.998288918,8.042883592
139,6.182300457999999,4.9254542699999995,8.02188628
140,6.083911858,4.832934582,7.925429877999998
141,6.053739353999999,4.98779023,7.994983474
142,6.101621805999999,4.917580254000001,7.918868217999999
143,6.155407573999999,4.95826267,8.033041102
144,6.124579145999999,4.886740358,8.056006911999999
145,6.000609509999999,4.9431708059999995,8.025823275999999
146,6.204601874,5.010756109999999,8.22529774
147,6.221655898,4.933984454,7.922149048
148,6.232150681999999,4.893958206,8.017293117999998
149,6.333162977999999,5.017973958,8.077004224
150,6.363991405999999,4.97138603,7.956269679999999
151,6.337098521999999,4.9963204139999995,7.97923549
152,6.320700422,5.077685246,8.065193235999999
153,6.379733581999999,5.1380527019999995,8.088159046
154,6.4722188659999995,5.126897846,8.086846714
155,6.524692785999999,5.010756109999999,8.008106793999998
156,6.5797904019999995,5.047501518,7.973986161999999
157,6.614554373999999,5.095401782,8.068474066
158,6.528628329999999,5.132803357999999,7.937240865999999
159,6.598156273999999,5.199076326,8.254169044
160,6.636199865999999,5.1905461420000005,8.0678179
161,6.579134477999999,5.11574299,7.917555885999999
162,6.610618829999999,5.014693118,7.9556135139999995
163,6.660469053999999,5.169548766,8.05141375
164,6.7240936819999995,5.091464774,7.754170551999999
165,6.6742434579999985,5.198420158,7.946427189999999
166,6.657189433999999,5.270598638,8.057319243999999
167,6.72212591,5.14198971,8.046164421999999
168,6.7240936819999995,5.124929342,7.947083355999999
169,6.794933474,5.219417534,7.9864533159999995
170,6.8152671179999995,5.269286301999999,8.010731457999999
171,6.838224457999999,5.23057239,7.981203987999999
172,6.839536305999999,5.170204934,7.968080668
173,6.718190365999999,5.130178686,8.047476754
174,6.741147706,5.235165565999999,8.04157126
175,6.658501282,5.332278430000001,7.991046477999999
176,6.747051021999999,5.150519894,7.946427189999999
177,6.831009293999999,5.258131446,7.993671141999999
178,6.743771401999999,5.270598638,8.078972722
179,6.849375165999999,5.13214719,7.930679206
180,6.750330641999999,5.157737741999999,8.049445252
181,6.746395097999999,5.206950342,7.97923549
182,6.794277549999999,5.275191813999999,7.696427943999999
183,6.783782765999999,5.239758742,8.089471377999999
184,6.808051954,5.134115694,7.968080668
185,6.859869949999999,5.225323046,8.08422205
186,6.832977066,5.299470029999999,8.045508255999998
187,6.8939779979999996,5.246320421999999,7.937240865999999
188,6.7575458059999995,5.12886635,8.085534381999999
189,6.83363299,5.182672126,8.013356122
190,6.839536305999999,5.214824358,7.943802525999999
191,6.808707877999999,5.25025743,7.96611217
192,6.784438689999999,5.142645878,8.042227426
193,6.731964769999999,5.185952966,7.95955051
194,6.770664285999999,5.242383414,7.977923157999999
195,6.804772333999999,5.2509135979999995,7.844721459999999
196,6.817890813999999,5.189889974,8.069786398
197,6.799524941999999,5.178735118,8.038946595999999
198,6.742459553999999,5.240414909999999,8.088815212
199,6.869708809999999,5.2679739660000005,7.938553197999999
200,6.827073749999999,5.169548766,7.904432566
201,6.758201729999999,5.240414909999999,8.056663078
202,6.9018490859999995,5.231884726,8.08422205
203,6.825761901999999,5.133459525999999,7.946427189999999
204,6.844127773999999,5.2732233100000006,8.049445252
205,6.776567601999999,5.275191813999999,7.995639639999999
206,6.836912609999999,5.3985513979999995,8.004825964
207,6.785094613999999,5.225323046,7.935272367999999
208,6.797557169999999,5.271254806,7.818474819999999
209,6.879547669999999,5.204981838,8.040915093999999
210,6.770008362,5.196451654,7.905088732
211,6.863805493999999,5.181359789999999,8.029760271999999
212,6.792965701999999,5.1793912859999995,7.975298494
213,6.855278481999999,5.26666163,8.063224737999999
214,6.862493645999999,5.136084198,7.9556135139999995
215,6.846095546,5.290939846,8.02844794
216,6.825761901999999,5.183984462,7.823724148
217,6.797557169999999,5.200388662,7.941177862
218,6.720814061999999,5.1498637259999995,8.029760271999999
219,6.825105977999999,5.12558551,7.944458691999999
220,6.831009293999999,5.247632758,8.02188628
221,6.775911677999999,5.29290835,8.36637343
222,6.777223525999999,5.233197062,7.926742209999999
223,6.863805493999999,5.222042205999999,7.984484817999999
224,6.870364733999999,5.142645878,8.000232802
225,6.811987497999999,5.287002838,8.003513631999999
226,6.85331071,5.193826982,7.884747586
227,6.874300278,5.176110446,7.998264303999998
228,6.799524941999999,5.146582886,7.929366873999999
229,6.839536305999999,5.1078689740000005,8.18592778
230,6.870364733999999,5.166924094,7.918868217999999
231,6.824450053999999,5.2325408939999996,7.979891655999999
232,6.847407393999999,5.291596014,7.933960035999998
233,6.865773266,5.218105198,8.014668454
234,6.838880381999998,5.191858477999999,7.875561262
235,6.828385598,5.159706246,7.914275056
236,6.803460485999999,5.249601262,8.102594697999999
237,6.796901245999999,5.2325408939999996,8.018605449999999
238,6.8565903299999995,5.180703622,8.130153669999999
239,6.713598897999999,5.2732233100000006,8.213486752
240,6.874956201999999,5.248288926,8.050757584
241,6.923494577999999,5.2325408939999996,7.972673829999999
242,6.747051021999999,5.294220685999999,7.903120233999999
243,6.771320209999999,5.295533022,8.045508255999998
244,6.734588466,5.159706246,8.06125624
245,6.841504077999999,5.265349294,8.030416438
246,6.771320209999999,5.284378166,8.098001536
247,6.710319277999999,5.202357166,8.098001536
248,6.834288913999999,5.249601262,8.029104105999998
249,6.804772333999999,5.252882102,8.072411061999999
250,6.743115477999999,5.088840102,8.104563195999999
251,6.834944837999999,5.293564517999999,8.052726081999998
252,6.855278481999999,5.311937222,7.900495569999999
253,6.753610261999999,5.196451654,7.9864533159999995
254,6.937924905999999,5.301438534,7.891309245999999
255,7.137325801999999,5.390021214,7.932647704
256,7.260639513999999,5.27978499,7.934616201999998
257,7.368211049999999,5.39461439,8.012699955999999
258,7.466599649999999,5.491727254,7.9864533159999995
259,7.520385417999999,5.678735134,8.0022013
260,7.6417313579999995,5.743039597999999,7.894590076
261,7.777507625999999,5.701044845999999,7.95955051
262,8.012328418,5.861149837999999,7.998920469999999
263,8.149416533999998,5.948420182,8.027135607999998
264,8.245181438,5.946451678,8.050101418
265,8.380957706,6.109837509999999,7.999576635999999
266,8.474098913999999,6.100651158,7.945771023999999
267,8.638735837999999,6.088840134,8.027791773999999
268,8.746963297999999,6.127554046,7.9313353719999995
269,8.82764195,6.120992365999999,8.023854778
270,8.908976526,6.29684539,8.047476754
271,8.884051414,6.269286334,7.937240865999999
272,8.916191689999998,6.31653043,8.05141375
273,9.086076005999999,6.2797850219999996,8.053382247999998
274,9.053279805999999,6.260099982,7.878842092
275,9.157571722,6.430047494,7.952332683999998
276,9.105753726,6.324404446,7.914931222
277,9.193647541999999,6.449076366,8.063224737999999
278,9.250057006,6.487790278,8.06125624
279,9.205454173999998,6.399207598,7.946427189999999
280,9.248745158,6.440546182,8.09406454
281,9.269078802,6.570467446,7.983828651999999
282,9.18840015,6.522567182,8.068474066
283,9.240874069999998,6.426766654,7.7705747019999984
284,9.307122393999999,6.51009999,8.011387624
285,9.281541357999998,6.433984502,7.9930149759999995
286,9.252680702,6.464824398,7.82175565
287,9.367467401999999,6.492383454,8.014668454
288,9.335327126,6.503538310000001,7.991046477999999
289,9.273670269999998,6.420204974,8.025823275999999
290,9.358284465999999,6.43135983,8.034353433999998
291,9.340574518,6.464824398,8.216767582
292,9.223164122,6.52322335,8.072411061999999
293,9.357628541999999,6.458918886,7.881466755999999
294,9.379274034,6.443827022,8.05797541
295,9.347133757999998,6.500913638,7.935272367999999
296,9.352381149999998,6.426766654,8.042883592
297,9.45076975,6.590152486,8.096689204
298,9.423220941999999,6.43792151,7.996295806
299,9.366811478,6.636740413999999,7.71020743
300,9.414693929999999,6.409706286,7.977923157999999
301,9.480942253999999,6.575060622,7.93986553
302,9.543255034,6.5278165260000005,7.962831339999998
303,9.48684557,6.5402837179999995,8.008106793999998
304,9.449457901999999,6.422829645999999,7.919524383999999
305,9.366811478,6.55603175,8.047476754
306,9.385833274,6.538971382,7.985140983999999
307,9.46716785,6.506162982,7.960206676
308,9.39501621,6.4687614060000005,7.97923549
309,9.392392513999999,6.559968758,8.118342681999998
310,9.373370717999999,6.460231222,7.973329995999999
311,9.450113825999999,6.582934637999999,8.013356122
312,9.359596314,6.509443822,7.9713614979999985
313,9.444210509999998,6.57571679,7.960206676
314,9.327456038,6.58227847,8.056006911999999
315,9.307122393999999,6.468105238,7.974642327999999
316,9.484877798,6.5461892299999995,7.942490194
317,9.42125317,6.573092118,7.763356875999999
318,9.343854138,6.596714166,8.07766039
319,9.408790613999999,6.4687614060000005,8.033697268
320,9.484877798,6.573092118,8.010075292
321,9.29006837,6.537659046,7.967424501999999
322,9.372714793999998,6.555375582,8.037634264
323,9.388456969999998,6.481884765999999,8.026479442
324,9.465856001999999,6.597370334,8.027791773999999
325,9.510458833999998,6.5875278139999995,7.910994226
326,9.46716785,6.465480565999999,7.911650391999999
327,9.51308253,6.561281094,8.025823275999999
328,9.347133757999998,6.51338083,7.957582012
329,9.418629474,6.447107861999999,7.960206676
330,9.358284465999999,6.495664294,7.956925845999999
331,9.496028505999998,6.49697663,7.979891655999999
332,9.377962185999998,6.516005502,7.964799837999999
333,9.457984913999999,6.5875278139999995,8.003513631999999
334,9.435027574,6.50681915,7.975954659999999
335,9.448801977999999,6.531753534,7.680679959999999
336,9.257272169999998,6.436609174,8.02844794
337,9.392392513999999,6.502225974,8.008106793999998
338,9.32942381,6.570467446,7.9890779799999985
339,9.36877925,6.4812285979999995,7.991046477999999
340,9.452081598,6.558000254,7.71020743
341,9.416661701999999,6.577029126,8.038946595999999
342,9.395672134,6.502882142,7.954301181999999
343,9.423876865999999,6.55275091,8.344719952
344,9.442898662,6.561281094,8.01204379
345,9.337950821999998,6.485821774,8.059943908
346,9.377962185999998,6.537002878,7.98579715
347,9.351069301999999,6.58227847,8.046820588
348,9.443554585999998,6.5639057659999995,7.999576635999999
349,9.36877925,6.561937262,7.946427189999999
350,9.397639905999998,6.48057243,7.960206676
351,9.375338489999999,6.580966134,8.054038413999999
352,9.406166918,6.521254846,8.033041102
353,9.48356595,6.383459566,7.922149048
354,9.317617177999999,6.59540183,8.035665766
355,9.362875933999998,6.573748286,7.965456003999999
356,9.415349853999999,6.40839395,8.04485209
357,9.346477834,6.550126238,7.962831339999998
358,9.274982118,6.485165606,8.047476754
359,9.389112893999998,6.580966134,7.991046477999999
360,9.443554585999998,6.571779782,8.023854778
361,9.464544153999999,6.529785029999999,8.047476754
362,9.412726157999998,6.479916262,7.916899719999999
363,9.494716657999998,6.523879517999999,8.035665766
364,9.341886365999999,6.570467446,8.015980785999998
365,9.446178282,6.691202358,8.007450627999999
366,9.486189646,6.68726535,7.948395688
367,9.676407606,6.735165614,8.088815212
368,9.674439834,6.691202358,7.9890779799999985
369,9.961078621999999,6.8184989499999995,8.062568571999998
370,10.098822661999998,6.991727302,8.010075292
371,10.233287081999999,7.144614445999999,7.907713395999998
372,10.140145873999998,7.269942534,7.954301181999999
373,10.29363209,7.383459598,8.064537069999998
374,10.473355265999999,7.620336246,8.004169798
375,10.657013985999999,7.574404486,7.8985270719999985
376,10.826898302,7.700388742,7.947083355999999
377,10.992847073999998,7.748945174,7.9201805499999995
378,10.963330494,8.010756206,8.058631576
379,11.056471702,8.085559358000001,8.050757584
380,11.126655569999999,8.000913686,8.013356122
381,11.196839438,8.161674846,7.962175173999999
382,11.316217605999999,8.230572486,7.727923912
383,11.354917122,8.231228654,7.934616201999998
384,11.413950281999998,8.430047558,8.39262007
385,11.397552181999998,8.489102678,7.945114857999998
386,11.350325653999999,8.450388766,8.068474066
387,11.456585342,8.388052806,8.074379559999999
388,11.512338882,8.436609237999999,8.052726081999998
389,11.446090558,8.533065934,8.09406454
390,11.509715186,8.567842838,8.020573948
391,11.577931282,8.510756222,7.939209364
392,11.509059262,8.505506878,7.922805213999999
393,11.582522749999999,8.614430766,8.053382247999998
394,11.630405201999999,8.597370397999999,8.008106793999998
395,11.640244061999999,8.578997694,7.964799837999999
396,11.761590002,8.640021318,8.07109873
397,11.699277222,8.64264599,7.928054541999999
398,11.709772006,8.541596118000001,7.951020352
399,11.615318949999999,8.657081686,7.946427189999999
400,11.743224129999998,8.782409774,7.991702643999999
401,11.768149241999998,8.63608431,7.970049166
402,11.703868689999998,8.631491134000001,8.04485209
403,11.811440226,8.759443894,7.950364186
404,11.667136946,8.683984574,8.031072604
405,11.789138809999999,8.723354654,8.172148294
406,11.577275358,8.70170111,7.965456003999999
407,11.711739777999998,8.752882214,8.05141375
408,11.706492385999999,8.733197174,8.069130232
409,11.679599502,8.664299534000001,7.9201805499999995
410,11.698621297999999,8.67545439,8.04485209
411,11.749127446,8.792252294,8.040915093999999
412,11.823902782,8.736478014,7.994327308
413,11.85145159,8.81653051,7.929366873999999
414,11.777332177999998,8.682672238,8.025167109999998
415,11.843580501999998,8.752226046,7.954301181999999
416,11.79897767,8.856556758,7.999576635999999
417,11.740600434,8.739758854,8.10390703
418,11.764869621999999,8.736478014,7.928054541999999
419,11.835709413999998,8.80012631,8.065849402
420,11.742568205999998,8.725323158,7.943802525999999
421,11.750439294,8.651832341999999,8.050101418
422,11.69075021,8.717449142000001,8.019261616
423,11.692062057999998,8.661018694,8.043539757999998
424,11.802913213999998,8.676110558,7.9313353719999995
425,11.753062989999998,8.778472766,8.05141375
426,11.711083854,8.630178798,7.606533202
427,11.777988101999998,8.73779035,7.943802525999999
428,11.782579569999998,8.658394022000001,8.023198612
429,11.703212765999998,8.919548886,7.994983474
430,11.756998533999997,8.687265414,8.025823275999999
431,11.804880985999999,8.71482447,7.969393
432,11.756998533999997,8.752882214,8.075035726
433,11.777988101999998,8.680703734,7.916899719999999
434,11.863914145999999,8.699732606,8.058631576
435,11.837021261999999,8.771254918,7.928054541999999
436,11.80225729,8.703013446,8.092752207999999
437,11.78585919,8.70170111,7.919524383999999
438,11.755030761999999,8.69185859,7.975954659999999
439,11.679599502,8.762068566,8.132122168
440,11.814719846,8.704325782,7.958894344
441,11.787826961999999,8.71810531,7.976610826
442,11.715019397999999,8.759443894,7.926086043999999
443,11.699277222,8.674142054,7.933960035999998
444,11.821935009999999,8.615743102000001,8.02844794
445,11.885559637999998,8.74763287,7.9713614979999985
446,11.756342609999999,8.640021318,8.035665766
447,11.749127446,8.829653870000001,7.918212051999999
448,11.825870554,8.839496389999999,8.030416438
449,11.789138809999999,8.899863846,8.029104105999998
450,11.924259153999998,8.962199806,7.987765648
451,11.986571933999999,8.987134189999999,7.990390311999999
452,11.955087581999997,8.84277723,8.071754895999998
453,12.065282814,9.128866478,8.107844025999999
454,12.14661739,9.11180611,8.013356122
455,12.214833485999998,9.12164863,8.055350745999998
456,12.077089445999999,9.250257558,7.919524383999999
457,12.188596525999998,9.322436038000001,8.043539757999998
458,12.35323345,9.304063334,7.965456003999999
459,12.400459977999999,9.336871733999999,8.023198612
460,12.496224882,9.426110582,7.93986553
461,12.500160425999999,9.420861238,7.976610826
462,12.475235313999999,9.506819246,7.9930149759999995
463,12.49425711,9.534378301999999,8.057319243999999
464,12.490321565999999,9.453669638,7.970049166
465,12.483762325999999,9.523223446,7.958894344
466,12.597237177999999,9.546845494000001,8.042227426
467,12.57624761,9.512724758,8.115061852
468,12.574279837999999,9.573092214,7.983172485999999
469,12.562473206,9.604588278,8.098657701999999
470,12.51065521,9.470073838,8.065193235999999
471,12.700873169999998,9.557344182000001,7.972017663999999
472,12.654958489999999,9.647239198,8.046820588
473,12.606420113999999,9.594745758,8.009419126
474,12.650367021999998,9.565218198,8.029760271999999
475,12.597893101999999,9.572436046,7.956925845999999
476,12.738260837999999,9.560625022,7.963487505999999
477,12.709400182,9.673485917999999,7.9136188899999995
478,12.722518661999999,9.691858622,8.067161733999999
479,12.616258973999999,9.636084342,7.985140983999999
480,12.633312998,9.697764134,7.942490194
481,12.681851373999999,9.68267227,8.090783709999998
482,12.69431393,9.599338934,8.050101418
483,12.731045673999999,9.661674893999999,7.854563949999999
484,12.677259905999998,9.668892742,8.007450627999999
485,12.746787849999999,9.735821878,7.806007665999998
486,12.67463621,9.566530534,8.023854778
487,12.635280769999998,9.641989853999998,8.025167109999998
488,12.735637142,9.653800878,8.052069916
489,12.832713893999998,9.685296942,7.973986161999999
490,12.708088334,9.62689799,7.935272367999999
491,12.725798282,9.681359934,7.982516319999999
492,12.704152789999998,9.579653894,8.012699955999999
493,12.662829577999998,9.701044974,8.059943908
494,12.627409682,9.695139461999998,8.069130232
495,12.697593549999999,9.705638149999999,8.075691892
496,12.661517729999998,9.61377463,7.994983474
497,12.700873169999998,9.608525285999999,7.960862842
498,12.647743325999999,9.739102718,7.899183237999999
499,12.740228609999999,9.492383550000001,8.014012288
500,12.680539525999999,9.706294318000001,7.979891655999999
501,12.623474137999999,9.682016102,8.056663078
502,12.782863669999998,9.688577782,7.943146359999998
503,12.746131926,9.616399302000001,7.918868217999999
504,12.651678869999998,9.68267227,7.943802525999999
505,12.656270337999999,9.71548067,7.962175173999999
506,12.732357522,9.649207702,7.964143671999999
507,12.742196381999998,9.722042349999999,8.003513631999999
508,12.688410613999999,9.746320566,8.01532462
509,12.655614413999999,9.577029222,8.033041102
510,12.746131926,9.708262822,8.011387624
511,12.717271269999998,9.680703766,7.990390311999999
512,12.712023877999998,9.625585654,7.957582012
513,12.806476933999999,9.73844655,7.8959024079999995
514,12.666109198,9.618367806,7.924117546
515,12.745476002,9.77453579,8.094720705999999
516,12.752035241999998,9.701044974,8.047476754
517,12.728421977999998,9.717449174,8.078972722
518,12.713991649999999,9.703669646,8.073723393999998
519,12.733013446,9.684640774,7.760076046
520,12.715303497999999,9.658394054,7.941834028
521,12.774992582,9.717449174,7.941177862
522,12.626097834,9.619023974,8.115061852
523,12.710712029999998,9.714824501999999,7.952332683999998
524,12.616258973999999,9.628210326,7.962175173999999
525,12.616258973999999,9.614430797999999,7.9687368339999995
526,12.700217246,9.706294318000001,8.073067228
527,12.699561322,9.601963606,7.965456003999999
528,12.666765122,9.732541037999999,7.9930149759999995
529,12.691690234,9.750257574,7.968080668
530,12.670044742,9.665611902,7.970705331999999
531,12.700873169999998,9.703669646,7.938553197999999
532,12.741540457999998,9.781753638000001,7.813881658
533,12.898962217999998,9.740415054,8.049445252
534,12.712679801999998,9.814562038,8.084878216
535,12.860262701999998,9.811937366,8.016636951999999
536,12.880596345999999,9.815218206,7.945114857999998
537,12.992103425999998,9.88280351,7.987765648
538,12.959307226,9.991727398,8.011387624
539,13.110169745999999,10.013380942,8.036978097999999
540,13.083276861999998,10.075716902,7.909025727999999
541,13.081965013999998,10.167580422,8.050757584
542,13.075405774,10.164299582,7.989734145999998
543,13.239386773999998,10.209575174000001,8.113749519999999
544,13.250537481999999,10.295533182,8.077004224
545,13.280054061999998,10.270598798,8.073723393999998
546,13.201999105999999,10.306688038,8.096689204
547,13.307602869999998,10.270598798,8.006138296
548,13.197407638,10.357869142,8.023198612
549,13.282021833999998,10.333590926000001,8.042883592
550,13.427636962,10.449732661999999,8.05469458
551,13.334495753999999,10.461543686,8.061912405999998
552,13.348270157999998,10.424798278,8.082253552
553,13.48142273,10.339496438,8.27122936
554,13.446002834,10.489102742,8.05469458
555,13.413862557999998,10.512068622,7.859157112
556,13.447314681999998,10.469417702,8.065849402
557,13.472239793999998,10.413643422,8.015980785999998
558,13.341710917999999,10.552751038,8.099313868
559,13.534552574,10.510756286,7.973329995999999
560,13.391561141999999,10.500257598000001,7.957582012
561,13.423701417999998,10.465480694,7.957582012
562,13.434196201999999,10.433984630000001,8.040915093999999
563,13.473551641999999,10.561937389999999,8.136059163999999
564,13.521434094,10.502226102,8.056006911999999
565,13.440099517999998,10.48975891,8.05469458
566,13.381722281999998,10.54881403,8.098001536
567,13.491261589999999,10.545533189999999,7.962175173999999
568,13.431572505999998,10.500257598000001,8.010075292
569,13.465024629999998,10.447764158,8.000888967999998
570,13.49454121,10.471386206,8.035009599999999
571,13.391561141999999,10.69973267,8.089471377999999
572,13.516186701999999,10.45366967,7.995639639999999
573,13.515530777999999,10.476635550000001,7.965456003999999
574,13.431572505999998,10.572436077999999,8.037634264
575,13.50110045,10.481884894,8.115718018
576,13.472239793999998,10.42086127,8.014012288
577,13.553574369999998,10.537003006,8.085534381999999
578,13.409927013999999,10.506819278,8.0678179
579,13.502412297999998,10.275191974,7.901151735999999
580,13.495853058,10.515349462,7.981860153999999
581,13.455841694,10.465480694,7.980547821999998
582,13.56013361,10.569811406,8.077004224
583,13.422389569999998,10.444483318000001,8.027135607999998
584,13.548326977999999,10.51928647,7.983172485999999
585,13.535864422,10.495008254,7.965456003999999
586,13.498476753999999,10.47007387,7.702989604
587,13.396808533999998,10.393958382,8.084878216
588,13.405991469999998,10.49632059,8.064537069999998
589,13.477487185999998,10.42414211,7.937240865999999
590,13.506347842,10.524535814,7.972673829999999
591,13.407959241999999,10.401832398000002,7.975954659999999
592,13.463712781999998,10.459575182,7.947739521999999
593,13.502412297999998,10.487134238,7.997608138
594,13.456497618,10.471386206,7.918868217999999
595,13.486670122,10.50616311,8.030416438
596,13.468960174,10.41101875,8.042227426
597,13.554230293999998,10.51272479,8.53041493
598,13.522745941999998,10.51272479,8.094720705999999
599,13.413206633999998,10.548157862,8.178053788
600,13.352861626,10.439233974,7.992358809999999
601,13.43550805,10.518630302,7.9713614979999985
602,13.459777238,10.472042374,8.046164421999999
603,13.548326977999999,10.527160486,8.036978097999999
604,13.437475821999998,10.528472822,8.100626199999999
605,13.463056857999998,10.436609302,7.975954659999999
606,13.43550805,10.513380957999999,7.977923157999999
607,13.518810397999998,10.49960143,7.948395688
608,13.436819897999998,10.435296966000001,7.957582012
609,13.543735509999998,10.439233974,7.918868217999999
610,13.497164906,10.443827149999999,8.126216673999998
611,13.436819897999998,10.58162243,8.038946595999999
612,13.486014198,10.497632926,8.036978097999999
613,13.46830425,10.546189358000001,7.965456003999999
614,13.440755442,10.471386206,7.9667683359999995
615,13.49454121,10.458262846,8.137371495999998
616,13.569316545999998,10.577685422,8.084878216
617,13.504380069999998,10.517317966,8.082909718
618,13.386313749999998,10.519942638,8.094720705999999
619,13.463056857999998,10.518630302,8.042883592
620,13.502412297999998,10.550782534,8.040258928
621,13.444690986,10.484509566,8.012699955999999
622,13.404679622,10.529785158,8.022542446
623,13.456497618,10.471386206,7.859157112
624,13.476831262,10.523879646,8.078972722
625,13.462400933999998,10.458262846,8.070442564
626,13.452562073999998,10.509443950000001,8.059943908
627,13.453217997999998,10.54225235,7.975954659999999
628,13.447970605999998,10.438577806,7.975298494
629,13.513563005999998,10.559968886,8.061912405999998
630,13.382378205999998,10.477291718,7.991046477999999
631,13.455841694,10.554719541999999,8.056663078
632,13.44534691,10.544220854,7.987109482
633,13.536520346,10.349338958,7.907057229999999
634,13.709028358,10.527816654,7.995639639999999
635,13.491917513999999,10.429391454000001,7.962175173999999
636,13.467648325999999,10.68332847,7.902464068
637,13.510283386,10.468761534,8.036978097999999
638,13.501756374,10.561937389999999,8.037634264
639,13.524713713999999,10.52912899,7.987765648
640,13.487326045999998,10.533065998,8.063224737999999
641,13.453873922,10.493039750000001,7.504827472
642,13.430260658,10.536346838,8.029104105999998
643,13.283989606,10.346058118,7.975298494
644,13.057039901999998,10.22073003,8.05469458
645,13.194783941999999,10.006163094000001,7.963487505999999
646,13.113449366,9.735821878,7.996295806
647,12.860918625999998,9.670861246,7.9687368339999995
648,12.715303497999999,9.493695886000001,7.9713614979999985
649,12.376190789999999,9.39067751,7.975954659999999
650,12.054132105999999,9.03962763,8.092096042
651,11.777988101999998,8.626897958,8.086190548
652,11.569404269999998,8.342777214,7.942490194
653,11.229635637999998,8.101963558000001,7.94970802
654,10.920695433999999,7.893302134,7.94970802
655,10.509431086,7.722042286,8.052726081999998
656,10.100134509999998,7.405113142,7.965456003999999
657,9.881711818,7.13017875,7.980547821999998
658,9.687558313999999,6.828997638,7.950364186
659,9.574739386,6.607869022,7.8230679819999995
660,9.195615314,6.49369579,8.017293117999998
661,8.743027753999998,6.338840142,8.060600074
662,8.319956774,6.272567174,8.027791773999999
663,8.061522717999999,6.009443806,8.050101418
664,7.984123685999999,5.856556662,8.019261616
665,7.696828973999999,5.675454294,7.941177862
666,7.587945589999999,5.6649556059999995,7.947083355999999
667,7.409534261999999,5.53897135,7.9713614979999985
668,7.374770289999999,5.573748254,8.047476754
669,7.275725765999999,5.455638014,7.990390311999999
670,7.210133365999999,5.380834862,7.965456003999999
671,7.031066114,5.330966094,7.981203987999999
672,7.036969429999999,5.425454285999999,7.598659209999999
673,7.034345733999999,5.278472654,8.031072604
674,7.027130569999999,5.389365046,7.977266992
675,6.998269914,5.332278430000001,7.924117546
676,6.8854509859999995,5.23057239,7.970705331999999
677,6.911687946,5.303407038,8.024510944
678,6.953667081999999,5.291596014,7.964143671999999
679,6.907752401999999,5.199076326,7.9136188899999995
680,6.913655717999999,5.288971341999999,7.998264303999998
681,6.836256686,5.236477902,8.008762959999999
682,6.905784629999999,5.284378166,7.9864533159999995
683,6.763449121999999,5.262068454,8.071754895999998
684,6.818546737999999,5.314561894,8.050101418
685,6.838880381999998,5.094745614,8.102594697999999
686,6.752954337999999,5.281753494,8.071754895999998
687,6.836256686,5.178735118,8.008106793999998
688,6.896601693999999,5.363774493999999,8.091439875999999
689,6.825105977999999,5.29290835,8.10390703
690,6.838224457999999,5.285034334,8.401150227999999
691,6.771320209999999,5.176766613999999,7.958894344
692,6.825105977999999,5.183984462,7.964143671999999
693,6.791653853999999,5.281753494,7.964143671999999
694,6.707695581999999,5.1498637259999995,8.023854778
695,6.804116409999999,5.23057239,7.766637706
696,6.770664285999999,5.277816486,8.011387624
697,6.789030157999999,5.224666878,7.921492882
698,6.7365562379999995,5.213512022,8.048789086
699,6.764760969999999,5.262724622,8.10390703
700,6.826417825999999,5.302750870000001,8.027135607999998
701,7.073701173999999,5.164299422,8.071754895999998
702,6.703104113999999,5.126897846,7.967424501999999
703,6.834288913999999,5.2089188459999995,7.991046477999999
704,6.778535373999999,5.240414909999999,7.961519007999999
705,6.6742434579999985,5.124929342,7.935272367999999
706,6.7365562379999995,5.395270558,8.05469458
707,6.840848154,5.2804411579999995,8.006794462
708,6.7739439059999995,5.1734857739999995,8.112437188
709,6.706383733999999,5.287002838,8.017293117999998
710,6.808707877999999,5.1905461420000005,8.05141375
711,6.817890813999999,5.298157694,7.928054541999999
712,6.762793197999999,5.209575014,7.970705331999999
713,6.671619761999999,5.129522518,8.026479442
714,6.613898449999999,5.214824358,7.934616201999998
715,6.751642489999999,5.200388662,7.98579715
716,6.666372369999999,5.16167475,8.201675763999999
717,6.859214025999999,5.159706246,7.932647704
718,6.766728741999999,5.31259339,8.069130232
719,6.712942973999999,5.140677374,8.048789086
720,6.671619761999999,5.251569765999999,8.09734537
721,6.651286117999999,5.2213860379999995,7.9930149759999995
722,6.9516993099999995,5.248945094,7.9884218140000005
723,6.811987497999999,5.249601262,8.078316555999999
724,6.758857653999999,5.239102574,8.067161733999999
725,6.703104113999999,5.281097325999999,8.101938531999998
726,6.765416893999999,5.15183223,8.007450627999999
727,6.792309777999999,5.303407038,8.208237423999998
728,6.7037600379999995,5.1734857739999995,8.092752207999999
729,6.802148637999999,5.202357166,7.573068736
730,6.778535373999999,5.216136693999999,8.036978097999999
731,6.766072817999999,5.281097325999999,8.059287742
732,6.7037600379999995,5.140677374,8.064537069999998
733,6.702448189999999,5.238446406,8.027135607999998
734,6.837568533999999,5.2804411579999995,7.9667683359999995
735,6.752298413999999,5.27650415,8.103250864
736,6.766072817999999,5.214824358,7.941834028
737,6.706383733999999,5.203669502,7.9713614979999985
738,6.8152671179999995,5.182015957999999,8.017949283999998
739,6.784438689999999,5.298157694,8.04485209
740,6.747706945999999,5.185296798,7.9884218140000005
741,6.69588895,5.2738794780000005,8.090783709999998
742,6.779191297999999,5.1380527019999995,8.090127543999998
743,6.792965701999999,5.242383414,7.964143671999999
744,6.808707877999999,5.142645878,8.022542446
745,6.91890311,5.325060582,8.057319243999999
746,6.687361937999999,5.18464063,8.017949283999998
747,6.729341074,5.288971341999999,8.091439875999999
748,6.7490187939999995,5.159706246,8.040258928
749,6.790997929999999,5.2443519180000004,8.126872839999999
750,6.783782765999999,5.249601262,7.972017663999999
751,6.745739173999999,5.128210181999999,8.042227426
752,6.745083249999999,5.2738794780000005,8.240389557999999
753,6.644726877999999,5.120992334,8.016636951999999
754,6.842815925999999,5.281753494,7.975298494
755,6.770008362,5.126241678,8.015980785999998
756,6.819858586,5.2732233100000006,8.01532462
757,6.758857653999999,5.182015957999999,8.035009599999999
758,6.796901245999999,5.294220685999999,8.017293117999998
759,6.832321141999999,5.149207558,8.017293117999998
760,6.784438689999999,5.24697659,7.9556135139999995
761,6.709663353999999,5.1498637259999995,8.031072604
762,6.800180866,5.24369575,8.065849402
763,6.732620693999999,5.311281054,8.031072604
764,6.764760969999999,5.146582886,8.049445252
765,6.764760969999999,5.258131446,8.07109873
766,6.768040589999999,5.178735118,8.025823275999999
767,6.664404597999999,5.269286301999999,8.093408374
768,6.6867060139999985,5.118367662,8.008762959999999
769,6.7116311259999994,5.3394962779999995,8.053382247999998
770,6.756889881999999,5.23057239,8.10390703
771,6.701792266,5.258131446,7.9687368339999995
772,6.672275685999999,5.295533022,8.088159046
773,6.916279413999999,5.328997589999999,8.201675763999999
774,6.954978929999999,5.235821734,8.037634264
775,7.01073247,5.307344046,7.973329995999999
776,7.048776061999999,5.490414918,7.994327308
777,7.1583153699999995,5.430703629999999,8.098657701999999
778,7.271790221999999,5.609181326,8.07109873
779,7.368211049999999,5.491727254,8.018605449999999
780,7.383297301999999,5.597370302,7.950364186
781,7.593848905999999,5.599994974,8.04485209
782,7.614838474,5.70301335,8.03829043
783,7.747335122,5.8066878939999995,8.262043036
784,7.818174913999999,5.68004747,7.958238177999999
785,7.812271598,5.809968734,8.008762959999999
786,7.944112322,5.817186582,7.973986161999999
787,7.930993842,5.848682646,8.042227426
788,8.089727449999998,5.772567157999999,7.976610826
789,8.116620333999998,6.012068478,8.09734537
790,7.988059229999998,5.830309942,8.096689204
791,8.04053315,5.916924118,8.096689204
792,8.167782405999999,5.933328317999999,8.010731457999999
793,8.191395669999999,5.967449053999999,7.993671141999999
794,8.163846862,5.87033619,8.112437188
795,8.276009866,6.012068478,7.998264303999998
796,8.218288553999999,5.964824382,7.942490194
797,8.174341646,5.9188926219999995,7.952988849999999
798,8.311429762,6.068498926,8.157056476
799,8.261579537999998,5.975979238,8.245638885999998
800,8.295031662,5.989102598,8.077004224
801,8.304214598,5.987134093999999,8.035009599999999
802,8.234030729999999,5.9549818619999995,8.008106793999998
803,8.258955841999999,5.985821758,8.015980785999998
804,8.232062957999998,5.98516559,8.065849402
805,8.170406102,6.007475302,7.924117546
806,8.280601334,5.98516559,7.956925845999999
807,8.287160573999998,6.06062491,8.035009599999999
808,8.314709382,5.933984486,8.001545133999999
809,8.430807929999999,6.072435934,7.96611217
810,8.26026769,5.95891887,8.000888967999998
811,8.333731177999999,6.037002862,8.033041102
812,8.303558674,6.072435934,8.119655014
813,8.337010797999998,6.051438557999999,7.972673829999999
814,8.356688518,5.928078974,8.004169798
815,8.283880953999999,6.016005486,7.977923157999999
816,8.302246826,6.006819134,7.936584699999999
817,8.363247757999998,6.0671865899999995,7.952332683999998
818,8.30618237,5.937265326,7.964799837999999
819,8.316677153999999,6.038971366,7.961519007999999
820,8.361279986,5.9720422300000005,7.996295806
821,8.298311281999998,5.994351942,7.996951972
822,8.340290417999999,6.058656406,8.355874773999998
823,8.369151074,6.048157718,7.958238177999999
824,8.35537667,6.056031733999999,8.054038413999999
825,8.387516946,6.010099974,7.952988849999999
826,8.259611765999999,6.04422071,7.947083355999999
827,8.268138777999999,5.9845094219999995,8.02188628
828,8.311429762,5.9786039099999995,7.947739521999999
829,8.358000365999999,6.000257454,8.069786398
830,8.333075253999999,6.036346694,8.128841337999999
831,8.396043958,6.012068478,8.065193235999999
832,8.372430694,6.051438557999999,8.008106793999998
833,8.312741609999998,5.892645902,7.93986553
834,8.324548241999999,6.095401814,8.039602762
835,8.388172869999998,5.9713860620000005,8.018605449999999
836,8.315365306,6.036346694,8.080941219999998
837,8.33569895,5.973354565999999,7.950364186
838,8.286504649999998,6.098026486,8.052069916
839,8.317333077999999,5.93923383,8.00548213
840,8.337010797999998,6.0849031259999995,8.08750288
841,8.387516946,5.947107846,7.985140983999999
842,8.38489325,6.092120974,8.02188628
843,8.329795634,6.043564542,8.452331176
844,8.314053457999998,5.93923383,7.947083355999999
845,8.426872386,5.967449053999999,7.967424501999999
846,8.180900885999998,6.122304702,8.080285053999999
847,8.411786134,6.000913622000001,7.938553197999999
848,8.298311281999998,6.07702911,7.998264303999998
849,8.206481921999998,6.009443806,8.075035726
850,8.424904613999999,6.014036982,8.003513631999999
851,8.367839226,6.035034358,8.016636951999999
852,8.310773838,6.085559293999999,8.099970033999998
853,8.480002229999998,6.069155094,8.069130232
854,8.52919653,6.158393941999999,8.055350745999998
855,8.484593697999998,6.126897878,8.043539757999998
856,8.499679949999999,6.180047486,8.130153669999999
857,8.729909273999999,6.261412318,8.092096042
858,8.767952866,6.203669533999999,8.103250864
859,8.89323435,6.2856905339999996,7.995639639999999
860,9.110345193999999,6.454981878,7.983172485999999
861,9.150356557999999,6.58227847,7.987109482
862,9.046064642,6.512068494,8.042227426
863,9.360252238,6.618367709999999,7.980547821999998
864,9.478318558,6.5868716460000005,8.032384936
865,9.602288193999998,6.739102622,8.066505568
866,9.607535586,6.741727294,8.047476754
867,9.671816137999999,6.797501573999999,7.97923549
868,9.638364013999999,6.777816533999999,8.042883592
869,9.856786706,6.830309974,8.201019597999998
870,9.798409469999998,6.903144622,8.052069916
871,9.850227465999998,6.846058006000001,7.945114857999998
872,9.886959209999999,7.0251918700000004,8.019917781999998
873,9.921723182,6.974010765999999,8.025167109999998
874,10.00502553,6.970729926,8.02188628
875,10.094887117999999,6.99566431,7.965456003999999
876,10.011584769999999,6.965480582,8.048789086
877,10.058811297999998,7.086215493999999,8.075691892
878,10.076521246,7.027816542,8.071754895999998
879,10.017488085999998,7.102619694,8.029760271999999
880,9.965014166,6.966792918,8.000232802
881,10.121780002,7.095401846,7.958894344
882,9.995186669999999,7.105900534,8.015980785999998
883,10.026015098,6.996320478,8.077004224
884,10.13293071,7.09408951,8.201019597999998
885,9.999122214,7.020598694,8.090783709999998
886,10.03126249,7.120992397999999,8.075035726
887,10.110629293999999,6.96941759,7.9037764
888,10.17228615,7.13674043,8.119655014
889,10.08045679,7.063905782,8.033697268
890,10.115220762,7.168892661999999,7.974642327999999
891,10.204426425999998,7.049470086,7.94970802
892,10.123747773999998,7.0967141819999995,8.019917781999998
893,10.230007461999998,7.158393974,8.029104105999998
894,10.076521246,7.180703686,8.092096042
895,10.088983802,7.158393974,7.965456003999999
896,10.250341105999999,7.178735182,7.944458691999999
897,10.152608429999999,7.105900534,8.289602008
898,10.147361038,7.167580326,8.05141375
899,10.071929778,7.116399222,8.035665766
900,10.038477654,7.053407094,7.9713614979999985
901,10.252308878,7.217449093999999,7.9333038700000005
902,10.140801797999998,7.104588198,7.962831339999998
903,9.942056825999998,7.086215493999999,8.10718786
904,10.01486439,7.165611822,8.055350745999998
905,10.197867186,7.098026518,7.941177862
906,10.128995166,7.230572454,8.029104105999998
907,10.060123145999999,7.19251471,8.062568571999998
908,10.140801797999998,7.118367726,8.014668454
909,10.108005597999998,7.164299486,8.014668454
910,10.130962938,7.145926782,7.973986161999999
911,10.161791366,7.119680062,7.995639639999999
912,10.081768638,7.227947781999999,7.999576635999999
913,10.123747773999998,6.963512078,7.482517828
914,10.130962938,7.204981902,7.9536450159999985
915,10.079144942,7.124929406,8.023854778
916,10.112597066,7.212855918,8.08750288
917,10.11653261,7.07768531,8.01532462
918,10.033886185999998,7.1964517180000005,8.323066473999999
919,10.19524349,7.183984526,7.9536450159999985
920,9.969605633999999,7.206294238,8.105219362
921,10.144081417999999,7.1669241580000005,8.02188628
922,10.140801797999998,7.2089189099999995,8.03829043
923,10.026671021999999,7.109837541999999,8.060600074
924,10.064714614,7.184640694,8.055350745999998
925,10.09029565,7.145926782,8.025823275999999
926,9.96567009,7.239758806,7.750889722
927,10.170974302,7.1728296700000005,7.991046477999999
928,10.110629293999999,7.222698437999999,8.031072604
929,10.053563905999999,7.052094758,8.018605449999999
930,10.159167669999999,7.135428094,8.019261616
931,10.18212501,7.138708934,7.9313353719999995
932,10.132274786,7.18923387,8.000888967999998
933,10.081768638,7.2030133979999995,7.987109482
934,10.127683317999999,7.19907639,7.962175173999999
935,10.182780934,7.139365101999999,7.9884218140000005
936,10.206394197999998,7.0901525020000005,7.926086043999999
937,10.17228615,7.221386102,7.954957347999999
938,10.128995166,7.121648566,8.026479442
939,10.14604919,7.222042269999999,8.388026908
940,10.10669375,7.088183998,8.054038413999999
941,10.42153727,7.3152181259999995,7.804695334
942,10.479258581999998,7.346058022,7.98579715
943,10.604540066,7.65183231,8.069786398
944,10.660949529999998,7.751569846000001,8.076348057999999
945,10.744251877999998,7.846714206,8.132122168
946,10.80197319,7.949076414,7.964799837999999
947,11.226356017999999,8.227947814,8.031728769999999
948,11.420509522,8.377554117999999,8.061912405999998
949,11.597609001999999,8.76075623,8.024510944
950,11.80225729,8.813905838,7.954301181999999
951,11.93344209,9.049470150000001,8.065193235999999
952,12.042981397999998,9.218105326,7.626874347999999
953,12.210897941999999,9.283722126,8.022542446
954,12.423417317999998,9.503538406,8.160337306
955,12.588054242,9.608525285999999,8.036978097999999
956,12.658894034,9.713512166000001,7.941834028
957,12.632001149999999,9.739102718,7.9490518539999995
958,12.761874101999998,9.84343343,8.04485209
959,12.851079766,9.901176214,8.057319243999999
960,12.921919557999999,10.04028383,8.085534381999999
961,13.060975445999999,9.956950493999999,8.01204379
962,13.080653166,10.187921630000002,8.015980785999998
963,13.010469297999999,10.124273334000002,8.08750288
964,13.190848398,10.17479827,7.948395688
965,13.197407638,10.239758902,7.962175173999999
966,13.19609579,10.304719534,7.965456003999999
967,13.351549777999999,10.281097486,8.00548213
968,13.372539345999998,10.341464942,8.027135607999998
969,13.313506186,10.421517438,8.122279678
970,13.295796237999998,10.166924254000001,8.03829043
971,13.36335641,10.479260222,8.080941219999998
972,13.405991469999998,10.443170982,8.109156357999998
973,13.345646461999998,10.441202478000001,8.111124856
974,13.298419934,10.457606678,8.109812523999999
975,13.306291021999998,10.435953134,8.072411061999999
976,13.459777238,10.454982006,7.954301181999999
977,13.417798101999999,10.477947886,7.978579324
978,13.281365909999998,10.457606678,8.02844794
979,13.504380069999998,10.443827149999999,7.964143671999999
980,13.496508982,10.43070379,7.924117546
981,13.545047357999998,10.42086127,7.958238177999999
982,13.475519413999999,10.462199854,8.063880904
983,13.577843558,10.477947886,8.080285053999999
984,13.49454121,10.547501694000001,8.139339993999998
985,13.582435025999999,10.439890142000001,8.504168289999999
986,13.463712781999998,10.666268102,8.042227426
987,13.465680553999999,10.390021374,8.042883592
988,13.538488117999998,10.398551558,8.107844025999999
989,13.657866285999999,10.556688046,8.080285053999999
990,13.554230293999998,10.485821902,7.977923157999999
991,13.607360137999999,10.501569933999999,8.055350745999998
992,13.386969673999998,10.486478069999999,8.092752207999999
993,13.516186701999999,10.559312718,8.319129477999999
994,13.516842625999999,10.516661798,8.022542446
995,13.538488117999998,10.501569933999999,8.000232802
996,13.503068221999998,10.433984630000001,8.208893589999999
997,13.529961105999998,10.569811406,8.039602762
998,13.482734577999999,10.450388830000001,8.063880904
999,13.573908013999999,10.419548934,7.990390311999999
1000,13.566692849999999,10.531753662,8.002857466
1001,13.526681486,10.505506942,8.059287742
1002,13.545703281999998,10.509443950000001,8.088159046
1003,13.478143109999998,10.541596182000001,8.05141375
1004,13.533896649999999,10.546845526,7.981860153999999
1005,13.545703281999998,10.512068622,7.975298494
1006,13.529961105999998,10.478604054,8.07766039
1007,13.51093931,10.567842902,8.094720705999999
1008,13.45518577,10.523223478,7.979891655999999
1009,13.416486253999999,10.514037126000002,8.306006157999999
1010,13.405991469999998,10.455638174,8.083565883999999
1011,13.525369637999999,10.53240983,8.032384936
1012,13.451906149999997,10.409050246,8.004169798
1013,13.480766806,10.484509566,8.069786398
1014,13.474863489999999,10.550126365999999,8.015980785999998
1015,13.562757306,10.474010878,8.050757584
1016,13.528649257999998,10.554719541999999,7.972017663999999
1017,13.486670122,10.48319723,8.080941219999998
1018,13.411238861999998,10.521254974,8.025823275999999
1019,13.480110882,10.433984630000001,8.034353433999998
1020,13.405335546,10.545533189999999,8.059287742
1021,13.490605665999999,10.508787782,8.062568571999998
1022,13.530617029999998,10.53240983,8.14327699
1023,13.550294749999999,10.52256731,8.025167109999998
1024,13.45518577,10.526504318,8.059943908
1025,13.568004698,10.544877022,8.002857466
1026,13.459777238,10.477291718,7.985140983999999
1027,13.588994265999998,10.57834159,8.095376872
1028,13.598833125999999,10.543564686,8.017949283999998
1029,13.552918446,10.483853398,8.198394934
1030,13.367947877999999,10.477291718,7.956269679999999
1031,13.548326977999999,10.550126365999999,8.06125624
1032,13.564069153999998,10.559968886,8.12359201
1033,13.507659689999999,10.493039750000001,7.979891655999999
1034,13.489949741999999,10.479260222,8.058631576
1035,13.602112746,10.517974134,7.9687368339999995
1036,13.441411365999999,10.45366967,8.072411061999999
1037,13.47158387,10.476635550000001,8.151807148
1038,13.498476753999999,10.474010878,8.000888967999998
1039,13.57325209,10.573092246000002,8.106531694
1040,13.555542141999998,10.507475445999999,8.071754895999998
1041,13.565381001999999,10.512068622,8.075035726
1042,13.556853989999999,10.452357334,8.082253552
1043,13.559477686,10.442514813999999,7.932647704
1044,13.498476753999999,10.52584815,8.061912405999998
1045,13.524713713999999,10.456294342000001,8.04485209
1046,13.579155405999998,10.540283846,7.977923157999999
1047,13.476175338,10.546189358000001,8.07109873
1048,13.600800898,10.545533189999999,7.95955051
1049,13.522090018,10.51600563,8.098001536
1050,13.525369637999999,10.49960143,8.09406454
1051,13.499788601999999,10.549470198,7.991046477999999
1052,13.480110882,10.40773791,8.016636951999999
1053,13.577843558,10.482541062000001,7.917555885999999
1054,13.524713713999999,10.469417702,7.94970802
1055,13.534552574,10.538315342,8.114405686
1056,13.520122246,10.420205102,7.944458691999999
1057,13.493885286,10.547501694000001,8.069786398
1058,13.48470235,10.450388830000001,7.984484817999999
1059,13.659178134,10.530441326,7.964143671999999
1060,13.464368705999998,10.474010878,7.9201805499999995
1061,13.569972469999998,10.491727414,8.059287742
1062,13.554886217999998,10.474667046,8.042227426
1063,13.50110045,10.58162243,7.984484817999999
1064,13.447314681999998,10.434640798,8.040258928
1065,13.423701417999998,10.554063374,8.078972722
1066,13.463712781999998,10.449732661999999,7.909025727999999
1067,13.414518482,10.504850774000001,8.07766039
1068,13.592273886,10.53897151,8.031728769999999
1069,13.582435025999999,10.429391454000001,8.017293117999998
1070,13.539799965999999,10.475323214,7.930679206
1071,13.541767737999999,10.537659174,7.846033791999999
1072,13.526681486,10.467449198,8.104563195999999
1073,13.550294749999999,10.547501694000001,7.92346138
1074,13.466992401999999,10.48319723,8.021230114
1075,13.489293817999998,10.570467574,8.07766039
1076,13.487981969999998,10.464824526,7.964799837999999
1077,13.497820829999998,10.521911142,8.046164421999999
1078,13.485358274,10.438577806,8.007450627999999
1079,13.571284317999998,10.756163118,8.089471377999999
1080,13.448626529999999,10.593433454,8.062568571999998
1081,13.506347842,10.645926894,8.046164421999999
1082,13.468960174,10.574404582,7.912962724
1083,13.649339273999999,10.71941771,7.975298494
1084,13.97336573,10.882147373999999,8.029104105999998
1085,14.156368526,11.343433478000001,8.099970033999998
1086,14.404307798,11.626241885999999,8.01204379
1087,14.66864517,11.850651341999999,8.146557819999998
1088,14.680451801999999,12.021255022,8.010075292
1089,14.963155045999999,12.139365262,7.974642327999999
1090,15.302923677999999,12.52059887,8.040915093999999
1091,15.538400393999998,12.787003078,8.054038413999999
1092,15.817824018000001,13.224010966,7.9884218140000005
1093,16.017224914,13.338184197999999,7.947083355999999
1094,16.162840042000003,13.44907659,8.470047658
1095,16.383230506,13.661675022,8.092752207999999
1096,16.521630469999998,13.796189462,8.00548213
1097,16.64625603,13.997633038,8.050101418
1098,16.845656926,14.081622542,8.05141375
1099,16.936174438,14.225323334,8.058631576
1100,16.968314713999998,14.294220974,8.065849402
1101,16.961755474,14.451045126,8.066505568
1102,17.151973434,14.511412582,7.974642327999999
1103,17.231996161999998,14.573748541999999,7.918212051999999
1104,17.279878613999998,14.72204251,8.063224737999999
1105,17.335632154,14.717449334,8.046820588
1106,17.338911774000003,14.811937526,8.078972722
1107,17.406471946,14.818499206,7.544197431999999
1108,17.68589557,14.83359107,8.092752207999999
1109,17.563893706,14.952357478,8.045508255999998
1110,17.588162894,14.94842047,8.055350745999998
1111,17.608496538,14.924798422,8.010075292
1112,17.609808386,15.036346982,8.0678179
1113,17.586195122,15.070467718,8.11046869
1114,17.606528766,14.991727558000001,8.311911652
1115,17.654411218000003,15.032409974,8.0678179
1116,17.721315466,15.098682942000002,7.967424501999999
1117,17.834134394,15.105244622,7.9667683359999995
1118,17.724595086,15.05340735,8.010731457999999
1119,17.765918298000003,15.074404726000001,7.975954659999999
1120,17.72525101,15.048814174,7.878185926
1121,17.693766658,15.155769558,7.975954659999999
1122,17.732466174000002,15.09277743,7.994327308
1123,17.765262374000002,15.170861422,8.082253552
1124,17.686551494,14.907738054000001,7.977266992
1125,17.83675809,15.159050398,8.081597385999999
1126,17.727218781999998,15.10590079,7.9884218140000005
1127,17.73181025,15.172173758,7.741047232
1128,17.683271874000003,15.250913918,8.108500192
1129,17.731154326,15.224667198,8.072411061999999
1130,17.731154326,15.170861422,8.05797541
1131,17.74164911,15.164299742,8.057319243999999
1132,17.673433014,15.22401103,8.083565883999999
1133,17.855123962,15.188577958,8.150494816
1134,17.952856638,15.163643574,8.048132919999999
1135,17.971878434,15.154457222,8.065849402
1136,17.952856638,15.10261995,8.054038413999999
1137,18.034191214,15.144614702,8.002857466
1138,17.848564722,15.157738062000002,8.105219362
1139,17.877425378,15.189234126,8.080941219999998
1140,17.865618746000003,15.267318118,7.9378970319999995
1141,17.941705929999998,15.262068774,8.01532462
1142,17.881360922,15.197108142,8.044195923999998
1143,17.893167554,15.189234126,8.01532462
1144,17.880049074,15.248289246,8.088159046
1145,17.939082234,15.166268246,8.017949283999998
1146,17.87283391,15.233853550000001,8.077004224
1147,17.857091734,15.177423102,8.056006911999999
1148,17.861683202,15.172173758,8.046164421999999
1149,17.964007346,15.163643574,7.991046477999999
1150,17.916124894,15.22401103,8.034353433999998
1151,17.900382718,15.254850926000001,7.978579324
1152,18.032879366,15.22729187,7.996295806
1153,17.946297398000002,15.206294494000002,7.750889722
1154,17.796746726000002,15.287659326,8.046820588
1155,17.845941026000002,15.149207878,8.065849402
1156,17.890543858,15.243039902000001,7.996951972
1157,17.834790318,15.221386358000002,8.060600074
1158,17.934490766,15.270598958,7.869655768
1159,18.013201646,15.254194758,8.015980785999998
1160,17.861683202,15.290940166,8.116374184
1161,17.92530783,15.28962783,8.089471377999999
1162,17.964007346,15.145927038,7.978579324
1163,17.943017778,15.270598958,7.9667683359999995
1164,17.836102166,15.178735438,8.098001536
1165,17.968598814,15.20432599,8.038946595999999
1166,17.954168486,15.231228878,8.042227426
1167,17.917436742000003,15.218761686,8.056663078
1168,17.96466327,15.168892918000001,8.02844794
1169,17.914157122,15.239102894,8.035665766
1170,17.88267277,15.232541214000001,7.977923157999999
1171,17.821015914,15.232541214000001,8.290258173999998
1172,17.805929662,15.306688198,8.083565883999999
1173,17.910221577999998,15.211543838,7.974642327999999
1174,17.808553357999998,15.227948038000001,8.080285053999999
1175,17.828231077999998,15.293564838,8.045508255999998
1176,17.895135326000002,15.309969038,8.298788332
1177,17.76788607,15.278472974,8.078316555999999
1178,17.78756379,15.185953286,7.9687368339999995
1179,17.70557329,15.090808926,8.06125624
1180,17.590130666,14.898551702,8.030416438
1181,17.494365761999997,14.689890278,8.105875528
1182,17.405160098,14.592121246,8.07766039
1183,17.285126006,14.474011006000001,8.082909718
1184,17.273975298,14.322436198,8.047476754
1185,16.854839862,13.95104511,8.05797541
1186,16.39044567,13.371648766,8.002857466
1187,16.06576329,13.034378414,8.025167109999998
1188,15.650563398000001,12.607213046,7.996951972
1189,15.457721741999999,12.513381021999999,7.834222803999999
1190,15.523970066,12.193827206000002,7.978579324
1191,14.807701058,11.980572606,8.036978097999999
1192,14.650935222,11.630178894,8.027135607999998
1193,14.338059474,11.27716051,7.961519007999999
1194,14.085528734,11.16233111,8.070442564
1195,13.984516437999998,10.938577822000001,8.124904342
1196,13.792986629999998,10.836215614,8.061912405999998
1197,13.70443689,10.641989886,7.975954659999999
1198,13.487981969999998,10.577685422,8.063224737999999
1199,13.400744077999999,10.374929510000001,8.117686516
1200,13.305635097999998,10.29947019,7.973986161999999
1201,13.35351755,10.166268086,7.981860153999999
1202,13.286613302,10.20432583,8.122935843999999
1203,13.173138449999998,10.139365197999998,8.026479442
1204,13.062287293999999,10.024535798,8.080285053999999
1205,13.085244633999999,10.128866510000002,8.081597385999999
1206,12.980296793999997,9.968761518,8.043539757999998
1207,12.976361249999998,9.927422934,7.981203987999999
1208,12.873381181999997,9.924798262,8.098001536
1209,12.826810578,9.92217359,8.128185171999998
1210,12.801885466,9.87624183,7.912962724
1211,12.876660802,9.90905023,8.04485209
1212,12.794014377999998,9.722698518000001,8.063224737999999
1213,12.818939489999998,9.886084349999999,8.031728769999999
1214,12.858950853999998,9.857212958,8.017949283999998
1215,12.744820078,9.750913742,7.9884218140000005
1216,12.837305362,9.756819254,8.036978097999999
1217,12.809100629999998,9.802094846,7.9930149759999995
1218,12.708088334,9.566530534,8.05797541
1219,12.772368885999999,9.750913742,7.983172485999999
1220,12.805821009999999,9.75813159,8.077004224
1221,12.734981218,9.76797411,8.025823275999999
1222,12.77630443,9.680047598000002,8.062568571999998
1223,12.811724326,9.769942614,7.958894344
1224,12.749411546,9.711543662,7.9713614979999985
1225,12.794670301999998,9.563905862,8.02188628
1226,12.701529093999998,9.700388806,7.937240865999999
1227,12.705464638,9.725979358,8.077004224
1228,12.754658937999999,9.75156991,8.025823275999999
1229,12.708088334,9.693827126,8.060600074
1230,12.647743325999999,9.785034478,8.119655014
1231,12.633312998,9.75156991,8.101282366
1232,12.731701597999999,9.644614526,8.003513631999999
1233,12.754003013999998,9.697764134,7.945114857999998
1234,12.744820078,9.740415054,8.075691892
1235,12.745476002,9.706294318000001,8.02188628
1236,12.718583118,9.651832374,8.101938531999998
1237,12.758594482,9.709575158,7.932647704
1238,12.706120561999999,9.74828907,8.080941219999998
1239,12.708744258,9.65970639,8.074379559999999
1240,12.619538593999998,9.645926862,8.013356122
1241,12.660205881999998,9.710231325999999,8.004825964
1242,12.698905397999999,9.686609278,7.946427189999999
1243,12.669388818,9.770598782,7.996951972
1244,12.747443773999999,9.68595311,8.0022013
1245,12.746787849999999,9.670205078,8.027135607999998
1246,12.847800145999997,9.722698518000001,8.042883592
1247,12.692346158,9.661674893999999,7.969393
1248,12.727110129999998,9.631491166,7.9890779799999985
1249,12.746787849999999,9.760756262000001,8.040258928
1250,12.685786917999998,9.775191957999999,8.102594697999999
1251,12.651678869999998,9.683984606,8.011387624
1252,12.718583118,9.643958358,8.047476754
1253,12.732357522,9.74172739,7.990390311999999
1254,12.708744258,9.61705547,8.091439875999999
1255,12.627409682,9.674142086,8.038946595999999
1256,12.698249473999999,9.651176205999999,8.072411061999999
1257,12.776960353999998,9.71876151,7.937240865999999
1258,12.793358453999998,9.69907647,8.101938531999998
1259,12.805165085999999,9.67282975,8.025823275999999
1260,12.803197313999998,9.756163086,7.979891655999999
1261,12.758594482,9.705638149999999,8.286977344
1262,12.660205881999998,9.704325814,8.073723393999998
1263,12.698249473999999,9.677422926,8.036978097999999
1264,12.723174585999999,9.637396678,8.008106793999998
1265,12.765153721999999,9.79093999,8.026479442
1266,12.598549025999999,9.679391429999999,7.901807901999999
1267,12.691034309999997,9.770598782,8.017949283999998
1268,12.696937625999999,9.637396678,8.050101418
1269,12.723830509999999,9.651176205999999,7.943146359999998
1270,12.675292133999998,9.69907647,7.996951972
1271,12.643807782,9.69251479,8.05469458
1272,12.714647573999999,9.624273318,7.983828651999999
1273,12.618226746,9.747632902,8.122279678
1274,12.701529093999998,9.650520038,7.800102171999999
1275,12.66807697,9.711543662,8.036321931999998
1276,12.585430545999998,9.697107966,7.946427189999999
1277,12.628065606,9.60065127,7.972017663999999
1278,12.712679801999998,9.754194581999998,7.680023793999999
1279,12.729077901999998,9.60065127,7.982516319999999
1280,12.672668437999999,9.529785126,7.975954659999999
1281,12.572967989999999,9.456950478,8.08422205
1282,12.411610685999998,9.300126326,8.02844794
1283,12.296168061999998,9.350651262,7.882122921999999
1284,12.189908373999998,9.109181438,8.04485209
1285,12.199747233999998,9.116399286,7.941834028
1286,12.070530205999999,8.994352037999999,8.323066473999999
1287,11.889495181999997,8.805375654,7.982516319999999
1288,11.637620365999998,8.565874334,7.960862842
1289,11.320809073999998,8.420861206,8.082253552
1290,11.312282062,8.228603982,7.995639639999999
1291,11.32999201,8.225323142,7.884747586
1292,11.122720025999998,7.986477989999999,8.020573948
1293,11.05122431,7.935953054,7.922149048
1294,10.926598749999998,7.845401869999999,8.048132919999999
1295,10.805252809999999,7.66495567,8.021230114
1296,10.676035782,7.709575094,8.035665766
1297,10.558625386,7.581622334,7.9713614979999985
1298,10.681283173999999,7.582278502,7.962175173999999
1299,10.447774229999998,7.701701078,7.710863595999999
1300,10.521893641999998,7.441858549999999,7.996295806
1301,10.494344833999998,7.489102646,8.085534381999999
1302,10.386773298,7.573748318,8.048789086
1303,10.319213126,7.43529687,7.94970802
1304,10.230663385999998,7.292908414,7.775167863999999
1305,10.256900345999998,7.348682694000001,8.176741456
1306,10.222136374,7.25485067,8.040258928
1307,10.259524041999999,7.337527838,8.023198612
1308,10.188028326,7.159050142,8.093408374
1309,10.264771434,7.292908414,7.991702643999999
1310,10.349385629999999,7.289627574,7.996951972
1311,10.260179965999999,7.241071142,8.04485209
1312,10.174909845999998,7.222042269999999,8.158368807999999
1313,10.249029258,7.24172731,8.08750288
1314,10.257556269999998,7.21219975,7.991702643999999
1315,10.079800866,7.2148244219999995,8.059943908
1316,10.127027393999999,7.154456966,8.074379559999999
1317,10.113252989999998,7.252882166,8.056663078
1318,10.157199898,7.141333606,7.954301181999999
1319,10.135554405999999,7.217449093999999,8.023198612
1320,10.105381902,7.164955654,7.982516319999999
1321,10.139489949999998,7.187921533999999,7.9930149759999995
1322,10.142113646,7.220729934,8.054038413999999
1323,10.165726909999998,7.183984526,8.046820588
1324,10.180157237999998,7.235821798,8.031728769999999
1325,10.127027393999999,7.12689791,8.034353433999998
1326,10.125059621999998,7.234509462,8.062568571999998
1327,10.124403697999998,7.13674043,8.09734537
1328,10.157199898,7.248945158,8.040258928
1329,10.054875754,7.132803422,8.063224737999999
1330,10.086360105999999,7.22532311,7.912306557999999
1331,10.054875754,7.164955654,8.102594697999999
1332,10.033230261999998,7.19251471,8.089471377999999
1333,10.036509882,7.165611822,8.05141375
1334,10.136866254,7.168236494,7.998920469999999
1335,10.081112714,7.193827046,8.055350745999998
1336,10.140801797999998,7.140677438,8.013356122
1337,10.08045679,7.1439582779999995,8.065193235999999
1338,10.066026462,7.204981902,8.039602762
1339,10.19524349,7.243695814,8.019917781999998
1340,10.120468154,7.080309982,7.746296559999999
1341,10.164415061999998,7.2620685179999995,8.078972722
1342,10.191307945999998,7.178735182,8.043539757999998
1343,10.165726909999998,7.19251471,8.071754895999998
1344,10.21164159,7.178079014,8.027791773999999
1345,10.166382833999998,7.107869038,8.04157126
1346,10.160479517999999,7.162330982,8.031072604
1347,10.176221693999999,7.115086885999999,7.960862842
1348,10.179501313999998,7.19907639,7.9667683359999995
1349,10.084392333999999,7.071779798,7.925429877999998
1350,10.032574337999998,7.161018646,7.992358809999999
1351,10.174253921999998,7.20563807,8.054038413999999
1352,10.056843526,7.124929406,8.056663078
1353,10.067338309999998,7.1964517180000005,8.545506748
1354,10.029294718,7.110493709999999,8.091439875999999
1355,10.082424561999998,7.164955654,8.075035726
1356,10.018144009999999,7.181359854,8.032384936
1357,10.059467221999999,7.170204998,7.991046477999999
1358,10.138834025999998,7.102619694,7.9359285339999985
1359,10.176877617999999,7.361149886,8.101938531999998
1360,10.085704181999999,7.21219975,8.000888967999998
1361,10.149984733999998,7.15970631,8.080941219999998
1362,9.98534781,7.117711558,8.065849402
1363,10.180157237999998,7.21548059,8.030416438
1364,10.209673817999999,7.038971398,7.9930149759999995
1365,10.180813161999998,7.218105262,7.963487505999999
1366,10.165726909999998,7.0671866219999995,7.96611217
1367,10.258868117999999,7.210887414,7.9687368339999995
1368,10.192619793999999,7.078997646,7.9667683359999995
1369,10.109317445999999,7.21548059,7.8033830019999995
1370,10.101446357999999,7.15970631,7.964799837999999
1371,10.130307014,7.10065119,8.050757584
1372,10.015520314,7.151176126,8.062568571999998
1373,10.072585701999998,7.180703686,8.004169798
1374,10.066026462,7.2089189099999995,8.109156357999998
1375,10.167694681999999,7.14002127,8.062568571999998
1376,10.195899414,7.195139382,8.033697268
1377,10.180157237999998,7.165611822,8.093408374
1378,10.180157237999998,7.150519957999999,8.011387624
1379,10.143425493999999,7.1734858379999995,8.145245487999999
1380,10.140145873999998,7.131491086,8.036321931999998
1381,10.154576201999998,7.180703686,7.9333038700000005
1382,10.048972437999998,7.1433021100000005,7.631467509999999
1383,10.142113646,7.183328358,8.016636951999999
1384,10.091607498,7.091464837999999,7.9313353719999995
1385,10.166382833999998,7.264037022,8.078316555999999
1386,10.173597998,7.127554078,8.038946595999999
1387,10.136210329999999,7.216136758,7.96611217
1388,10.27723399,7.328341486,7.9864533159999995
1389,10.393988462,7.3394963419999995,8.024510944
1390,10.378246286,7.412987158,8.070442564
1391,10.462204558,7.534378238,8.15968114
1392,10.504839617999998,7.4576065819999995,8.07766039
1393,10.734413018,7.742383493999999,8.004825964
1394,10.977104897999999,8.002226022,8.004169798
1395,11.143053669999999,8.273223406000001,7.802726836
1396,11.345734186,8.400519998,7.977923157999999
1397,11.655330313999999,8.594745726000001,8.006138296
1398,11.812752073999999,8.784378278,7.982516319999999
1399,11.915076217999998,8.832278542,8.040258928
1400,12.098734937999998,9.169548894,8.086846714
1401,12.385373726,9.29553315,8.054038413999999
1402,12.422761393999998,9.514037094,8.149182483999999
1403,12.471955694,9.545533158,8.057319243999999
1404,12.51065521,9.64330219,8.086846714
1405,12.632657073999999,9.688577782,8.298788332
1406,12.809100629999998,9.84671427,7.9687368339999995
1407,12.951436137999998,9.929391438,7.9864533159999995
1408,12.998662666,10.000257582,8.072411061999999
1409,13.032114789999998,10.080966246000001,8.014668454
1410,13.053760281999999,10.071123726,7.941834028
1411,13.018996309999999,10.193827142,8.096033038
1412,13.077373545999999,10.143302206,8.079628888
1413,13.121320454,10.313249718,8.069786398
1414,13.291204769999998,10.237790398,7.9864533159999995
1415,13.186912854,10.346714286,8.040258928
1416,13.227580141999999,10.24041507,7.929366873999999
1417,13.301043629999999,10.36180615,7.943146359999998
1418,13.370571573999998,10.443170982,8.128841337999999
1419,13.263655962,10.336871766,8.091439875999999
1420,13.382378205999998,10.428735286,8.02844794
1421,13.291860693999999,10.445795654000001,8.122279678
1422,13.306291021999998,10.40445707,7.995639639999999
1423,13.339743146,10.444483318000001,7.972017663999999
1424,13.386313749999998,10.402488566,8.01532462
1425,13.473551641999999,10.483853398,7.991046477999999
1426,13.394184838,10.444483318000001,8.048132919999999
1427,13.444690986,10.544220854,8.063880904
1428,13.453873922,10.514037126000002,7.698396442
1429,13.477487185999998,10.584247102,7.9556135139999995
1430,13.476831262,10.525191982,8.004825964
1431,13.419765874,10.64395839,8.250888214
1432,13.460433162,10.537003006,7.996951972
1433,13.404679622,10.438577806,7.972673829999999
1434,13.419765874,10.540283846,8.113749519999999
1435,13.473551641999999,10.476635550000001,7.978579324
1436,13.505691917999998,10.475979382,8.008762959999999
1437,13.499132677999999,10.495664421999999,7.960206676
1438,13.46830425,10.444483318000001,8.008106793999998
1439,13.562101382,10.470730038,7.557320751999999
1440,13.518154473999997,10.468761534,8.036321931999998
1441,13.479454957999998,10.472042374,7.799446005999999
1442,13.293172541999999,10.309968878,7.93986553
1443,13.48470235,10.531097494,7.956925845999999
1444,13.485358274,10.486478069999999,8.050101418
1445,13.396808533999998,10.569155238,8.039602762
1446,13.458465389999999,10.517317966,8.017293117999998
1447,13.42894881,10.546189358000001,7.982516319999999
1448,13.383034129999999,10.475979382,7.992358809999999
1449,13.432884353999999,10.597370462,7.806007665999998
1450,13.541111813999999,10.426110614,8.08422205
1451,13.555542141999998,10.531753662,7.997608138
1452,13.524057789999999,10.507475445999999,8.001545133999999
1453,13.460433162,10.435953134,7.973329995999999
1454,13.48470235,10.520598806,8.033041102
1455,13.434196201999999,10.599995134,8.019917781999998
1456,13.420421798,10.494352086000001,7.976610826
1457,13.361388637999998,10.61771167,8.057319243999999
1458,13.640812261999999,10.497632926,7.994983474
1459,13.423045493999998,10.503538438000001,8.08422205
1460,13.500444525999999,10.592777286,7.951020352
1461,13.524057789999999,10.511412454,8.086846714
1462,13.470927946,10.461543686,8.032384936
1463,13.541111813999999,10.464824526,8.00548213
1464,13.401400001999999,10.411674918,7.964143671999999
1465,13.545703281999998,10.649863902,7.868999602
1466,13.485358274,10.53897151,8.05469458
1467,13.492573437999997,10.435296966000001,7.997608138
1468,13.422389569999998,10.550126365999999,8.069130232
1469,13.472895717999998,10.460231349999999,7.992358809999999
1470,13.512907081999998,10.569155238,8.043539757999998
1471,13.501756374,10.460231349999999,8.010075292
1472,13.448626529999999,10.510100118,7.978579324
1473,13.387625597999998,10.487134238,8.040258928
1474,13.538488117999998,10.507475445999999,7.981203987999999
1475,13.542423662,10.592121118,7.876873594
1476,13.447314681999998,10.537659174,7.962831339999998
1477,13.504380069999998,10.57177991,8.086190548
1478,13.448626529999999,10.521254974,7.965456003999999
1479,13.527993333999998,10.540940014,8.046820588
1480,13.390249294,10.466136862,7.868999602
1481,13.381722281999998,10.556031877999999,8.082253552
1482,13.524713713999999,10.510756286,8.0678179
1483,13.480766806,10.462199854,7.933960035999998
1484,13.531272953999999,10.549470198,8.045508255999998
1485,13.468960174,10.491071245999999,8.309286987999998
1486,13.51093931,10.558000382000001,8.107844025999999
1487,13.474207565999999,10.526504318,8.109156357999998
1488,13.446002834,10.634772038,7.977266992
1489,13.625070086,10.42414211,8.059943908
1490,13.301699553999999,10.23385339,8.059287742
1491,13.097707189999998,10.164299582,7.999576635999999
1492,13.018996309999999,10.080966246000001,7.9667683359999995
1493,12.979640869999997,10.063905878,8.048789086
1494,12.797949921999999,9.790283822,7.981860153999999
1495,12.652334794,9.534378301999999,8.035665766
1496,12.344050514,9.058656502,7.822411816
1497,12.029862918,9.014037078,7.998264303999998
1498,11.930818394,8.758131557999999,7.897870905999999
1499,11.621878189999999,8.727947830000002,8.099313868
1500,11.528081058,8.466792966,8.019261616
1501,11.35294935,8.365743094,7.742359563999998
1502,11.324744618,8.161674846,7.920836715999999
1503,11.105666002,7.961543606,7.933960035999998
1504,11.067622409999998,7.859837566,8.00548213
1505,10.920695433999999,7.838184022000001,7.943146359999998
1506,10.740972258,7.867055414,8.101282366
1507,10.689810185999999,7.672173517999999,8.035009599999999
1508,10.548786525999999,7.642645957999999,8.015980785999998
1509,10.540259513999999,7.510100022,8.103250864
1510,10.47729081,7.530441229999999,8.046820588
1511,10.453021621999998,7.516005534,8.160993472
1512,10.308062417999999,7.380834926,8.059287742
1513,10.474011189999999,7.414955662,7.991702643999999
1514,10.372998893999998,7.280441222,8.050101418
1515,10.292976165999999,7.426766686000001,8.076348057999999
1516,10.243125941999999,7.248945158,7.947739521999999
1517,10.310030189999999,7.338840174,8.12031118
1518,10.285761001999997,7.288315238,8.059287742
1519,10.204426425999998,7.31718663,7.835535135999999
1520,10.149984733999998,7.217449093999999,7.957582012
1521,10.18212501,7.28765907,8.014012288
1522,10.212297514,7.171517334,7.993671141999999
1523,10.193931641999999,7.267317862,7.9713614979999985
1524,10.121780002,7.221386102,8.129497504
1525,10.249685182,7.306687942,8.135402997999998
1526,10.189996097999998,7.236477966000001,8.04157126
1527,10.108661521999998,7.1433021100000005,7.962175173999999
1528,10.207706046,7.201044894,7.921492882
1529,10.243125941999999,7.15642547,8.034353433999998
1530,10.157855822,7.236477966000001,8.022542446
1531,10.212297514,7.160362478,8.049445252
1532,10.207050121999998,7.198420221999999,7.947083355999999
1533,10.07717717,7.17611051,7.964799837999999
1534,10.135554405999999,7.120992397999999,8.050101418
1535,10.131618862,7.162330982,8.038946595999999
1536,10.121780002,7.174142005999999,8.05797541
1537,10.227383765999999,7.201044894,7.947739521999999
1538,10.111285217999999,7.15314463,8.053382247999998
1539,10.187372402,7.1728296700000005,8.09406454
1540,10.111941142,7.141989774,7.819787151999999
1541,10.056843526,7.211543582,8.095376872
1542,10.142113646,7.106556702,8.05469458
1543,10.151296581999999,7.241071142,7.962831339999998
1544,10.11653261,7.124273238000001,7.991046477999999
1545,10.090951574,7.122960902,7.982516319999999
1546,10.212297514,7.221386102,8.042883592
1547,10.078489017999999,7.161674814,8.088815212
1548,10.029950642,7.098682686,8.077004224
1549,10.182780934,7.210231246,7.983172485999999
1550,10.122435926,7.180047517999999,7.9136188899999995
1551,10.100134509999998,7.052094758,7.968080668
1552,10.160479517999999,7.171517334,7.964799837999999
1553,10.157855822,7.10393203,7.883435253999999
1554,10.02142363,7.172173502000001,8.025167109999998
1555,10.105381902,7.086215493999999,7.8585009459999995
1556,10.081112714,7.15642547,8.033041102
1557,10.005681454,7.1728296700000005,8.029760271999999
1558,10.020111781999999,7.152488462,8.09734537
1559,10.131618862,7.144614445999999,7.975954659999999
1560,10.073241625999998,7.045533078,8.008106793999998
1561,9.986003733999999,7.1793913499999995,8.008762959999999
1562,9.795785773999999,6.895926773999999,7.998264303999998
1563,9.736752614,6.748288974,8.078316555999999
1564,9.536039869999998,6.77912887,8.088815212
1565,9.456673065999999,6.604588182,7.956925845999999
1566,9.489469265999999,6.666267973999999,8.026479442
1567,9.393704362,6.548157734,8.060600074
1568,9.206766021999998,6.500913638,8.222016909999999
1569,9.029666542,6.3919897500000005,8.077004224
1570,8.985719634,6.367711534,7.997608138
1571,9.038849478,6.409050118,7.5382919379999995
1572,8.908320602,6.35590051,8.14327699
1573,8.853222985999999,6.2089188779999995,8.04485209
1574,8.926030549999998,6.31653043,8.05797541
1575,8.74237183,6.080966118,8.040258928
1576,8.789598358,6.22466691,8.118342681999998
1577,8.878804021999999,6.128866381999999,8.054038413999999
1578,8.560680881999998,6.189890006,8.115718018
1579,8.550186097999998,6.108525174,8.085534381999999
1580,8.607251486,6.043564542,8.042227426
1581,8.611187029999998,6.16233095,8.197082602
1582,8.642671381999998,6.061937245999999,7.980547821999998
1583,8.510830657999998,6.032409685999999,7.960206676
1584,8.49312071,6.112462182,8.261386869999999
1585,8.572487513999999,6.09015247,8.091439875999999
1586,8.422936842,6.042252206,8.08750288
1587,8.452453422,6.174141973999999,8.082253552
1588,8.520013593999998,6.07374827,8.092096042
1589,8.550842021999998,6.115086853999999,8.065849402
1590,8.351441126,6.053407062,7.957582012
1591,8.407194666,5.953013358,8.044195923999998
1592,8.365871453999999,6.117055358,8.106531694
1593,8.477378534,5.970729894,8.06125624
1594,8.478034458,6.046189214,8.042227426
1595,8.502303646,6.05734407,7.996295806
1596,8.378989933999998,5.989758766,8.031728769999999
1597,8.457044889999999,6.00156979,8.048789086
1598,8.396043958,6.050126222,8.131466002
1599,8.377022162,6.005506798,8.047476754
1600,8.508862886,6.01141231,8.022542446
1601,8.472787066,6.092120974,8.013356122
1602,8.354720746,5.975979238,8.095376872
1603,8.38489325,5.977291574,8.060600074
1604,8.356032594,6.035034358,8.081597385999999
1605,8.428184234,6.012724646,8.074379559999999
1606,8.464915977999999,6.018630158,7.964143671999999
1607,8.475410762,6.072435934,8.088159046
1608,8.38161363,6.079653781999999,8.088815212
1609,8.438679017999998,6.029785014,7.947739521999999
1610,8.425560538,5.987790262,8.067161733999999
1611,8.460980434,6.118367694000001,8.025167109999998
1612,8.379645857999998,5.962855877999999,7.942490194
1613,8.363247757999998,6.071779766,8.05141375
1614,8.410474286,6.015349318,7.976610826
1615,8.459012662,5.864430678000001,8.101282366
1616,8.429496081999998,6.050126222,7.93986553
1617,8.35209705,6.01141231,8.03829043
1618,8.348161505999999,5.945139342,8.10390703
1619,8.331107482,6.068498926,8.094720705999999
1620,8.449173801999999,6.076372942,8.03829043
1621,8.538379466,6.056031733999999,8.008762959999999
1622,8.451797498,5.974010734,8.09734537
1623,8.466227825999999,6.045533045999999,7.962175173999999
1624,8.442614562,5.98844643,8.042883592
1625,8.326516014,6.050782389999999,8.046820588
1626,8.357344441999999,6.021254829999999,7.970049166
1627,8.464260053999999,6.009443806,8.014668454
1628,8.419657221999998,5.941202334,7.702989604
1629,8.366527377999999,6.008787638,7.928054541999999
1630,8.422936842,6.0251918380000005,7.995639639999999
1631,8.412442058,6.105900502,8.07766039
1632,8.281257257999998,5.95563803,8.047476754
1633,8.174341646,5.849994982,7.998920469999999
1634,7.925090526,5.6583939260000005,8.040915093999999
1635,7.7204422379999995,5.741071094,8.078316555999999
1636,7.693549353999999,5.60458815,8.060600074
1637,7.629924726,5.651832246,8.008106793999998
1638,7.465943725999999,5.52256715,7.836191301999999
1639,7.200294505999999,5.41758027,8.094720705999999
1640,7.123551397999999,5.3158742299999995,7.999576635999999
1641,6.944484146,5.367711502,8.086190548
1642,6.836912609999999,5.181359789999999,7.946427189999999
1643,6.883483213999999,5.25353827,7.964143671999999
1644,6.726061453999999,5.134115694,8.000232802
1645,6.648006497999999,5.050126189999999,7.934616201999998
1646,6.610618829999999,5.126241678,8.17936612
1647,6.543058657999999,5.1498637259999995,8.069786398
1648,6.348905154,5.106556638,8.023198612
1649,6.480089953999999,4.947107814,8.047476754
1650,6.432207502,4.969417526,7.951020352
1651,6.410562009999999,5.029784982,7.704301936
1652,6.384325049999999,4.920861094,7.978579324
1653,6.210505189999999,5.026504141999999,8.04157126
1654,6.236086225999999,5.166267926000001,8.055350745999998
1655,6.201322253999999,4.901832222,8.092096042
1656,6.144256865999999,4.914955582,8.086846714
1657,6.187547849999999,4.828341406,7.994983474
1658,6.243957313999999,4.900519886,7.941834028
1659,6.198042633999999,4.940546134,8.22529774
1660,6.1331061579999995,4.926766606,7.972017663999999
1661,6.211161113999999,4.959575006,8.069786398
1662,6.106869197999999,4.79422067,8.083565883999999
1663,6.209849265999999,4.975323038,8.039602762
1664,6.193451165999999,4.8421209339999995,8.288945842
1665,6.084567782,4.934640622,8.067161733999999
1666,6.121299525999999,4.928078941999999,8.04485209
1667,6.078008541999999,4.845401774,7.95955051
1668,6.1206436019999995,4.906425398,8.000888967999998
1669,6.156063498,4.824404398,7.964799837999999
1670,6.144912789999999,4.893958206,8.031728769999999
1671,6.183612306,4.857212798,7.9864533159999995
1672,6.063578213999999,4.93529679,8.059943908
1673,6.1167080579999995,4.84671411,8.066505568
1674,6.010448369999999,4.901832222,7.954301181999999
1675,6.0714493019999995,4.7889713259999995,7.947739521999999
1676,6.10555735,4.884771853999999,8.035009599999999
1677,6.060298593999999,4.93201595,8.204300428
1678,6.049147885999999,4.838840094,8.099970033999998
1679,6.153439801999999,4.869023821999999,8.013356122
1680,6.118019906,4.93201595,8.036321931999998
1681,5.998641738,4.838840094,8.035009599999999
1682,6.164590509999999,4.912987078,7.9667683359999995
1683,6.123923221999999,4.838183926,7.983172485999999
1684,6.13835355,4.81718655,7.993671141999999
1685,6.042588645999999,4.9667928539999995,7.881466755999999
1686,5.973060702,4.81062487,7.972673829999999
1687,6.085879629999999,4.93201595,8.065849402
1688,6.142289093999999,5.065874222,8.096689204
1689,6.167214205999999,4.862462142,7.993671141999999
1690,6.099654033999999,4.844089438,8.090783709999998
1691,5.992082497999999,4.909050069999999,7.9687368339999995
1692,6.1331061579999995,4.953013326,8.147213985999999
1693,6.077352618,4.873616998,8.008762959999999
1694,6.083911858,4.950388654,8.089471377999999
1695,6.155407573999999,4.891989702,7.976610826
1696,6.133762081999999,4.95498183,8.096033038
1697,6.09243887,4.85327579,8.010075292
1698,6.134418005999999,4.7830658139999995,8.209549756
1699,5.988146953999999,4.873616998,7.984484817999999
1700,6.006512826,4.861149805999999,8.022542446
1701,5.941576349999999,4.922829598,8.046820588
1702,6.121955449999999,4.848682614,8.088159046
1703,6.094406641999999,4.887396526,8.105875528
1704,6.010448369999999,4.81390571,7.9884218140000005
1705,6.097686262,4.8828033500000005,8.019261616
1706,5.997985813999999,4.930703614,8.032384936
1707,6.01372799,4.834903086,8.06125624
1708,5.990114725999999,4.940546134,8.103250864
1709,6.169837901999999,4.857212798,7.963487505999999
1710,6.150816106,4.956950333999999,8.078972722
1711,6.123267298,4.9070815660000004,7.968080668
1712,6.106869197999999,4.773879462,7.929366873999999
1713,6.135729853999999,4.9431708059999995,8.052726081999998
1714,5.991426573999999,4.940546134,8.073067228
1715,6.024222773999999,4.970729862,8.062568571999998
1716,6.100965881999999,4.82374823,7.818474819999999
1717,6.094406641999999,4.911018574,7.978579324
1718,6.019631305999999,4.727291533999999,7.9313353719999995
1719,6.1127725139999995,4.89264587,8.122279678
1720,6.126546917999999,4.798813846,7.9890779799999985
1721,6.132450233999999,4.906425398,7.854563949999999
1722,6.201978178,4.901176054,7.973986161999999
1723,6.142945018,4.905113062,7.9890779799999985
1724,6.134418005999999,4.691858462,8.013356122
1725,6.057674897999999,4.964168182,8.058631576
1726,6.136385777999999,4.849338781999999,8.053382247999998
1727,6.151472029999999,4.802750854,7.937240865999999
1728,6.0668578339999994,4.9123309100000006,7.954301181999999
1729,6.010448369999999,4.855244293999999,7.987109482
1730,6.139665397999999,4.840808598,7.976610826
1731,6.0793203899999995,4.830966077999999,8.086190548
1732,6.068825605999999,4.82702907,7.944458691999999
1733,6.079976314,4.85655663,8.050757584
1734,6.102277729999999,4.916267918,7.9162435539999985
1735,6.142289093999999,4.954325662,7.962175173999999
